{
	"WAW": [52.172668, 20.970737],
	"NYC": [40.782101, -73.875504],
	"CPT": [-33.967281, 18.595047],
	"SIN": [1.352223, 103.984394],
	"WLG": [-41.329067, 174.812037],
	"TAS": [41.259743, 69.280472],
	"TAE": [35.901287, 128.636169],
	"SPN": [15.11911, 145.728407],
	"TAO": [36.26295089, 120.3768991],
	"HZG": [33.06420043, 107.0083422],
	"JIB": [11.547139, 43.15876],
	"IXL": [31.728167, 75.058594],
	"IXC": [30.662501, 76.800098],
	"JIL": [44.00108326, 126.3952597],
	"HZH": [26.35902638, 109.1723626],
	"LHW": [36.51702742, 103.6208479],
	"JIU": [29.5077184, 115.8144479],
	"LHR": [51.47283, -0.452499],
	"IXR": [23.31743, 85.323687],
	"FIH": [-4.326898, 15.326099],
	"WUS": [27.70297231, 118.0007768],
	"LAD": [-8.847418, 13.234749],
	"JNZ": [41.10074227, 121.0634195],
	"WUX": [31.49585334, 120.426618],
	"MAA": [12.98114, 80.165176],
	"JNB": [-26.123384, 28.226624],
	"LAX": [33.944499, -118.407898],
	"MAD": [40.478815, -3.574677],
	"WUH": [30.78097791, 114.2089959],
	"LAS": [36.085731, -115.149078],
	"TSN": [39.12169061, 117.3433146],
	"DLC": [38.96311731, 121.5410761],
	"CMH": [39.994482, -82.890472],
	"YBP": [28.80087212, 104.5445663],
	"TSE": [51.022286, 71.467266],
	"BEG": [44.818864, 20.308228],
	"GUM": [13.587094, 144.924088],
	"BEY": [33.826505, 35.492706],
	"TSV": [-19.25427, 146.771507],
	"DTT": [42.410277, -83.004456],
	"KBL": [34.565878, 69.212322],
	"VLC": [39.493444, -0.471039],
	"KBR": [6.167948, 102.293572],
	"AGP": [36.669039, -4.482508],
	"BLQ": [44.530046, 11.293344],
	"BLR": [-24.89866, 152.321749],
	"DSN": [39.57152385, 109.7313289],
	"KPO": [35.99023, 129.428558],
	"MXZ": [24.27005846, 116.1030566],
	"HLZ": [39.361809, -84.524652],
	"YTO": [43.631727, -79.397507],
	"CBR": [-35.30658, 149.190388],
	"LZH": [24.20625028, 109.3933568],
	"LZO": [28.84599848, 105.3792184],
	"KKJ": [33.839623, 131.031704],
	"IND": [39.715374, -86.297951],
	"HLD": [49.20848127, 119.8201322],
	"INC": [38.32308056, 106.3910611],
	"CTU": [30.57936972, 103.9505139],
	"DOH": [25.262085, 51.565704],
	"CTS": [43.11151, 141.381683],
	"REP": [13.411662, 103.813076],
	"AKU": [41.26167815, 80.29042286],
	"DOY": [37.514446, 118.784721],
	"AKL": [-37.004746, 174.785614],
	"AKA": [32.70900522, 108.9324362],
	"CTH": [43.89412, -75.673669],
	"XFN": [32.14851276, 112.2907202],
	"MDC": [1.549484, 124.926395],
	"MDG": [44.52616114, 129.5686757],
	"BSD": [25.05230538, 99.16731799],
	"DFW": [32.844981, -96.844482],
	"YIN": [43.95549076, 81.33115897],
	"YIH": [30.55416632, 111.4803901],
	"YIW": [29.34499418, 120.0328528],
	"JED": [21.671148, 39.150467],
	"ALG": [36.697879, 3.206978],
	"EDI": [55.948191, -3.364305],
	"ALA": [43.348151, 77.008667],
	"JJN": [24.79782868, 118.5902902],
	"NTL": [55.03786, -1.708717],
	"ORD": [41.787697, -87.743683],
	"NTG": [32.07116088, 120.9744042],
	"PUS": [35.599252, 129.358521],
	"BAV": [40.56081753, 109.9980812],
	"KOJ": [31.914868, 130.715332],
	"DPS": [-8.744063, 115.167446],
	"CAS": [33.556023, -7.661762],
	"CAI": [30.110979, 31.413002],
	"XIC": [27.99225374, 102.1840082],
	"CAN": [23.3882269, 113.2968271],
	"KOW": [25.82569437, 114.9119339],
	"IAH": [29.988096, -95.347621],
	"KNH": [24.435741, 118.36803],
	"DYU": [38.544406, 68.824539],
	"BAH": [25.91621, 50.589981],
	"HIJ": [34.439832, 132.919078],
	"DYG": [29.1036109, 110.4450037],
	"ABJ": [5.255068, -3.933191],
	"STO": [59.355421, 17.942047],
	"JXA": [45.295075, 130.969333],
	"KTM": [27.697284, 85.359306],
	"ABV": [9.004621, 7.270546],
	"NZH": [49.56937049, 117.3297148],
	"ZRH": [47.452701, 8.562469],
	"PNQ": [18.587681, 73.920135],
	"BHY": [21.53624018, 109.2908256],
	"PNH": [11.546382, 104.847422],
	"NCL": [55.037663, -1.711121],
	"NCE": [43.6598, 7.206173],
	"DKR": [14.744671, -17.490578],
	"MIL": [45.633246, 8.725891],
	"MIA": [25.795718, -80.278215],
	"LIM": [-12.019006, -77.108231],
	"MIG": [31.42781986, 104.7432104],
	"LIS": [38.770464, -9.129531],
	"GHN": [30.97618, 104.28243],
	"AOG": [41.108546, 122.994646],
	"PRG": [50.12322, 14.542336],
	"SAH": [15.478497, 44.220314],
	"SAN": [-33.396192, -70.794525],
	"LBV": [0.457644, 9.410477],
	"RAR": [-21.202498, -159.805927],
	"LBD": [40.214931, 69.696309],
	"YMQ": [45.457963, -73.751049],
	"TPE": [25.068341, 121.552563],
	"CHC": [-43.484999, 172.54775],
	"JAX": [30.493651, -81.68026],
	"CHG": [41.55512171, 120.4733524],
	"CHI": [41.543533, -87.529449],
	"AYG": [36.097593, 114.392756],
	"MRS": [43.443946, 5.223999],
	"XUZ": [34.059045, 117.555282],
	"JAI": [26.82836, 75.807037],
	"HRE": [-17.919208, 31.097132],
	"HRB": [45.62744684, 126.2447012],
	"TYN": [37.75000356, 112.6319724],
	"VIE": [48.124851, 16.560516],
	"SYD": [-33.928548, 151.170502],
	"APW": [-13.829412, -172.008133],
	"SFO": [37.617903, -122.3913],
	"WUZ": [23.45525943, 111.2457707],
	"PHC": [4.848315, 7.021723],
	"UYN": [38.26856831, 109.7326715],
	"NGB": [29.826683, 121.461906],
	"NGO": [35.170581, 136.897717],
	"HDG": [36.52416608, 114.4238569],
	"FUG": [32.88220492, 115.7345861],
	"NGS": [32.925707, 129.946289],
	"FUK": [33.582305, 130.453291],
	"OVB": [55.011489, 82.668686],
	"NLT": [43.43080833, 83.37464722],
	"SZX": [22.64026864, 113.8095777],
	"HMI": [42.84686063, 93.64451268],
	"JNG": [35.292778, 116.346107],
	"SHP": [39.97087757, 119.7328832],
	"DLA": [4.013333, 9.716892],
	"SHS": [30.31946415, 112.2534769],
	"YTY": [32.421667, 119.563136],
	"ENH": [30.32137199, 109.4826969],
	"SHA": [31.19680581, 121.3382941],
	"CSX": [28.19099518, 113.2186399],
	"DLU": [25.64892137, 100.3209348],
	"ENY": [36.63645369, 109.552547],
	"SHJ": [25.321296, 55.520267],
	"CZX": [31.91771924, 119.7783841],
	"CGO": [34.51938823, 113.840479],
	"TBS": [41.669578, 44.957256],
	"TBU": [-21.236262, -175.14473],
	"MAN": [53.35465, -2.275543],
	"FRA": [50.037848, 8.559036],
	"HGH": [30.23261027, 120.4290755],
	"LUX": [48.989229, 6.248474],
	"ATL": [33.876402, -84.307709],
	"ATH": [37.936616, 23.947449],
	"IST": [40.982166, 28.820915],
	"MUC": [48.363549, 11.791077],
	"ATQ": [31.702466, 74.799042],
	"ISB": [33.616621, 73.098478],
	"ISA": [-20.668043, 139.491177],
	"LUM": [24.3998999, 98.531298],
	"LUN": [-15.329221, 28.455276],
	"RMQ": [24.263241, 120.602417],
	"TOY": [36.644733, 137.187996],
	"ASB": [37.984393, 58.36607],
	"PVG": [31.14212328, 121.7998542],
	"LNJ": [23.737393, 100.024487],
	"NUE": [49.494891, 11.076279],
	"TLQ": [43.253205, 88.901367],
	"VTE": [17.988366, 102.562952],
	"SEA": [47.443879, -122.303066],
	"PDX": [45.589537, -122.594032],
	"CLE": [35.755811, -80.735393],
	"DUB": [53.426412, -6.238346],
	"KJI": [47.84393053, 88.12218698],
	"DUD": [-45.922498, 170.198822],
	"CMB": [6.828261, 79.887085],
	"FRU": [42.834185, 74.566612],
	"CLT": [35.22038, -80.944176],
	"DUR": [-29.760801, 31.061096],
	"DUS": [51.279958, 6.766891],
	"TLL": [59.412946, 24.83202],
	"SEL": [37.558459, 126.802826],
	"TUN": [36.879621, 10.228271],
	"SWA": [23.42775357, 116.759738],
	"BPL": [44.913398, 82.210522],
	"BPN": [-1.267187, 116.893845],
	"AAT": [47.74985833, 88.08930833],
	"BPX": [30.5510721, 97.11066233],
	"GYD": [40.466801, 50.053711],
	"KWE": [26.53922897, 106.8014387],
	"BHX": [52.452113, -1.733136],
	"KWI": [29.240424, 47.9706],
	"KWJ": [35.163143, 126.850101],
	"KWL": [25.22196616, 110.0413469],
	"POM": [-9.441442, 147.218857],
	"GYS": [32.391636, 105.69044],
	"TGG": [5.764168, 103.005023],
	"VCE": [45.504362, 12.335672],
	"NNY": [32.98102156, 112.6159532],
	"SJW": [38.27648705, 114.6961911],
	"GOT": [57.778545, 11.864548],
	"FKS": [37.236889, 140.435486],
	"GOQ": [36.40032589, 94.78856619],
	"SLC": [40.78834, -111.976948],
	"MCO": [28.431261, -81.308441],
	"LGK": [6.342426, 99.731483],
	"MCT": [23.594194, 58.279037],
	"TYO": [35.550664, 139.781113],
	"CKG": [29.72018042, 106.6400729],
	"PAT": [25.594471, 85.090656],
	"RIX": [56.922683, 23.979034],
	"HSN": [29.93549165, 122.3614184],
	"MQL": [-34.230929, 142.084422],
	"PZI": [26.53500629, 101.7956439],
	"HAJ": [52.458703, 9.694527],
	"HAK": [19.93806283, 110.4607005],
	"WEF": [36.64581064, 119.1170488],
	"HAN": [21.055026, 105.881905],